<?xml version="1.0" encoding="UTF-8"?>
<project-private xmlns="http://www.netbeans.org/ns/project-private/1">
    <editor-bookmarks xmlns="http://www.netbeans.org/ns/editor-bookmarks/2" lastBookmarkId="0"/>
    <open-files xmlns="http://www.netbeans.org/ns/projectui-open-files/2">
        <group>
            <file>file:/A:/KAU/252/Labs/Lab1/LabWork1_2135155/src/Diploma.java</file>
            <file>file:/A:/KAU/252/Labs/Lab1/LabWork1_2135155/src/Degree.java</file>
            <file>file:/A:/KAU/252/Labs/Lab1/LabWork1_2135155/src/CSDiploma.java</file>
            <file>file:/A:/KAU/252/Labs/Lab1/LabWork1_2135155/src/CSDegree.java</file>
            <file>file:/A:/KAU/252/Labs/Lab1/LabWork1_2135155/src/ISDegree.java</file>
            <file>file:/A:/KAU/252/Labs/Lab1/LabWork1_2135155/src/ISDiploma.java</file>
            <file>file:/A:/KAU/252/Labs/Lab1/LabWork1_2135155/src/AbstractFactory.java</file>
            <file>file:/A:/KAU/252/Labs/Lab1/LabWork1_2135155/src/ITcourseFactory.java</file>
            <file>file:/A:/KAU/252/Labs/Lab1/LabWork1_2135155/src/AbstractFactoryDemo.java</file>
            <file>file:/A:/KAU/252/Labs/Lab1/LabWork1_2135155/src/ITDiploma.java</file>
            <file>file:/A:/KAU/252/Labs/Lab1/LabWork1_2135155/src/CScourseFactory.java</file>
            <file>file:/A:/KAU/252/Labs/Lab1/LabWork1_2135155/src/ITDegree.java</file>
            <file>file:/A:/KAU/252/Labs/Lab1/LabWork1_2135155/src/IScourseFactory.java</file>
        </group>
    </open-files>
</project-private>
